{
    "display": {
        "title": {
            "translate": "mgdr.adv.achieve.mp5"
        },
        "description": {
            "translate": "mgdr.adv.achieve.mp5.desc"
        },
        "icon": {
            "item": "minecraft:carrot_on_a_stick",
            "nbt": "{CustomModelData:202112}"
        },
        "frame": "task",
        "show_toast": true,
        "announce_to_chat": true,
        "hidden": false
    },
    "criteria": {
        "n": {
            "trigger": "minecraft:impossible"
        }
    },
    "parent": "mgdr:recipe"
}