{
    "display": {
        "title": {
            "translate": "mgdr_arcade.adv.trophies",
            "color": "green"
        },
        "description": {
            "translate": "mgdr_arcade.adv.trophies.desc"
        },
        "icon": {
            "item": "minecraft:clock",
            "nbt": "{CustomModelData:311011}"
        },
        "frame": "goal",
        "show_toast": false,
        "announce_to_chat": false,
        "hidden": false
    },
    "criteria": {
        "tick": {
            "trigger": "minecraft:tick"
        }
    },
    "parent": "mgdr:arcade/matches"
}