{
    "display": {
        "title": {
            "translate": "mgdr.adv.2000_kill",
            "color": "light_purple"
        },
        "description": {
            "translate": "mgdr.adv.2000_kill.desc"
        },
        "icon": {
            "item": "minecraft:carrot_on_a_stick",
            "nbt": "{CustomModelData:202107}"
        },
        "frame": "challenge",
        "show_toast": true,
        "announce_to_chat": true,
        "hidden": false
    },
    "criteria": {
        "n": {
            "trigger": "minecraft:impossible"
        }
    },
    "parent": "mgdr:kills"
}