{
    "display": {
        "title": {
            "translate": "mgdr_arcade.adv.matches",
            "color": "yellow"
        },
        "description": {
            "translate": "mgdr.null"
        },
        "icon": {
            "item": "minecraft:armor_stand",
            "nbt": "{CustomModelData:212001}"
        },
        "frame": "goal",
        "show_toast": false,
        "announce_to_chat": false,
        "hidden": false
    },
    "criteria": {
        "tick": {
            "trigger": "minecraft:tick"
        }
    },
    "parent": "mgdr:arcade"
}