{
    "display": {
        "title": {
            "translate": "mgdr_arcade.adv.trophies.specialist"
        },
        "description": {
            "translate": "mgdr_arcade.adv.trophies.specialist.desc"
        },
        "icon": {
            "item": "minecraft:clock",
            "nbt": "{CustomModelData:311005}"
        },
        "frame": "task",
        "show_toast": true,
        "announce_to_chat": true,
        "hidden": false
    },
    "criteria": {
        "tick": {
            "trigger": "minecraft:impossible"
        }
    },
    "parent": "mgdr:arcade/matches/trophies/the_private_trophy"
}