[
  {
    "function": "minecraft:set_nbt",
    "tag": "{display:{Name:'{\"translate\":\"mgdr.gun_item.cbr27.ctm\",\"italic\":false}',Lore:['[{\"translate\":\"mgdr.gun_item.lore.uses\",\"italic\":false,\"color\": \"dark_gray\"},{\"translate\":\"mgdr.gun_item.lore.556mm\",\"italic\":false,\"color\": \"gray\"},{\"translate\":\"mgdr.gun_item.lore.magazine\",\"italic\":false,\"color\": \"dark_gray\"}]']},AmmoXMX:30,CustomModelData:402311,Tags:[\"cbr27\",\"haveOptic\",\"haveSupressor\",\"haveHolo\",\"mgdrGun\"]}"
  }
]
