[
  {
    "function": "minecraft:set_nbt",
    "tag": "{display:{Name:'{\"translate\":\"mgdr.gun_item.asval.ctm\",\"italic\":false}',Lore:['[{\"translate\":\"mgdr.gun_item.lore.uses\",\"italic\":false,\"color\": \"dark_gray\"},{\"translate\":\"mgdr.gun_item.lore.762mm\",\"italic\":false,\"color\": \"gray\"},{\"translate\":\"mgdr.gun_item.lore.magazine\",\"italic\":false,\"color\": \"dark_gray\"}]']},AmmoXMX:30,CustomModelData:402217,Tags:[\"asval\",\"haveGrip\",\"haveExtMag\",\"mgdrGun\"]}"
  }
]
